<?xml version="1.0" encoding="UTF-8"?>
<rss version="2.0" xmlns:ror="http://rorweb.com/0.1/" >
<channel>
  <title>ROR Sitemap for https://gifted-spence-636cb0.netlify.app/</title>
  <link>https://gifted-spence-636cb0.netlify.app/</link>

<item>
     <link>https://gifted-spence-636cb0.netlify.app/</link>
     <title>Ing. Guillermo Verger</title>
     <description>Ingenio, aplicaciones Android y representación gráfica</description>
     <ror:updatePeriod></ror:updatePeriod>
     <ror:sortOrder>0</ror:sortOrder>
     <ror:resourceOf>sitemap</ror:resourceOf>
</item>
<item>
     <link>https://gifted-spence-636cb0.netlify.app/presentasumado20</link>
     <title>Presentación SUMADO 2.0</title>
     <description>Presentación SUMADO 2.0</description>
     <ror:updatePeriod></ror:updatePeriod>
     <ror:sortOrder>1</ror:sortOrder>
     <ror:resourceOf>sitemap</ror:resourceOf>
</item>
<item>
     <link>https://gifted-spence-636cb0.netlify.app/sumaoculta.html</link>
     <title>Suma oculta</title>
     <description>Suma oculta: encontrar el dígito que representa cada letra. problemas de ingenio.</description>
     <ror:updatePeriod></ror:updatePeriod>
     <ror:sortOrder>1</ror:sortOrder>
     <ror:resourceOf>sitemap</ror:resourceOf>
</item>
<item>
     <link>https://gifted-spence-636cb0.netlify.app/pentomania.html</link>
     <title>Pentomania</title>
     <description>Pentomania; rompecabeza de encaje.</description>
     <ror:updatePeriod></ror:updatePeriod>
     <ror:sortOrder>1</ror:sortOrder>
     <ror:resourceOf>sitemap</ror:resourceOf>
</item>
<item>
     <link>https://gifted-spence-636cb0.netlify.app/frame_pentomania.html</link>
     <title>Pentomania</title>
     <description>Pentomania, juegos de ingenio, clever games, willie verger, Rompecabezas</description>
     <ror:updatePeriod></ror:updatePeriod>
     <ror:sortOrder>1</ror:sortOrder>
     <ror:resourceOf>sitemap</ror:resourceOf>
</item>
<item>
     <link>https://gifted-spence-636cb0.netlify.app/revista-enigma.html</link>
     <title>Revista Enigma</title>
     <description>Revista Enigma; boletin informativo de Puzzle SIG. Problemas de ingenio.</description>
     <ror:updatePeriod></ror:updatePeriod>
     <ror:sortOrder>1</ror:sortOrder>
     <ror:resourceOf>sitemap</ror:resourceOf>
</item>
<item>
     <link>https://gifted-spence-636cb0.netlify.app/curriculum-resumido.html</link>
     <title>Curriculum resumido</title>
     <description>Curriculum del Ing. Guillermo Verger.</description>
     <ror:updatePeriod></ror:updatePeriod>
     <ror:sortOrder>1</ror:sortOrder>
     <ror:resourceOf>sitemap</ror:resourceOf>
</item>
<item>
     <link>https://gifted-spence-636cb0.netlify.app/consultas.html</link>
     <title>Consultas</title>
     <description>Consultas a Ing. Guillermo Verger. Rompecabezas y Resolución de problemas de ingenio</description>
     <ror:updatePeriod></ror:updatePeriod>
     <ror:sortOrder>1</ror:sortOrder>
     <ror:resourceOf>sitemap</ror:resourceOf>
</item>
<item>
     <link>https://gifted-spence-636cb0.netlify.app/problemas_ingenio_2020.html</link>
     <title>Problemas de Ingenio</title>
     <description>problemas de ingenio.</description>
     <ror:updatePeriod></ror:updatePeriod>
     <ror:sortOrder>2</ror:sortOrder>
     <ror:resourceOf>sitemap</ror:resourceOf>
</item>
<item>
     <link>https://gifted-spence-636cb0.netlify.app/descargas/puzzle%20sig-no%20245-march%202020.pdf</link>
     <title></title>
     
     <ror:updatePeriod></ror:updatePeriod>
     <ror:sortOrder>2</ror:sortOrder>
     <ror:resourceOf>sitemap</ror:resourceOf>
</item>
<item>
     <link>https://gifted-spence-636cb0.netlify.app/descargas/Puzzle%20SIG-No%20246-July%202020.pdf</link>
     <title></title>
     
     <ror:updatePeriod></ror:updatePeriod>
     <ror:sortOrder>2</ror:sortOrder>
     <ror:resourceOf>sitemap</ror:resourceOf>
</item>
<item>
     <link>https://gifted-spence-636cb0.netlify.app/descargas/Puzzle%20SIG-No%20247-October%202020.pdf</link>
     <title></title>
     
     <ror:updatePeriod></ror:updatePeriod>
     <ror:sortOrder>2</ror:sortOrder>
     <ror:resourceOf>sitemap</ror:resourceOf>
</item>
<item>
     <link>https://gifted-spence-636cb0.netlify.app/ingenio/110_pesoaladerecha.html</link>
     <title> Un peso a la derecha </title>
     <description>Problemas de ingenio.</description>
     <ror:updatePeriod></ror:updatePeriod>
     <ror:sortOrder>3</ror:sortOrder>
     <ror:resourceOf>sitemap</ror:resourceOf>
</item>
<item>
     <link>https://gifted-spence-636cb0.netlify.app/ingenio/120_numero_tanya.html</link>
     <title> Un peso a la derecha </title>
     <description>Problemas de ingenio.</description>
     <ror:updatePeriod></ror:updatePeriod>
     <ror:sortOrder>3</ror:sortOrder>
     <ror:resourceOf>sitemap</ror:resourceOf>
</item>
<item>
     <link>https://gifted-spence-636cb0.netlify.app/ingenio/130_equilatero_disecado.html</link>
     <title> Triángulo equilátero disecado </title>
     <description>Problemas de ingenio.</description>
     <ror:updatePeriod></ror:updatePeriod>
     <ror:sortOrder>3</ror:sortOrder>
     <ror:resourceOf>sitemap</ror:resourceOf>
</item>
<item>
     <link>https://gifted-spence-636cb0.netlify.app/ingenio/sumaoculta-resolucion.html</link>
     <title> Resoluci&amp;oacute;n suma oculta </title>
     <description>Problemas de ingenio.</description>
     <ror:updatePeriod></ror:updatePeriod>
     <ror:sortOrder>3</ror:sortOrder>
     <ror:resourceOf>sitemap</ror:resourceOf>
</item>
</channel>
</rss>
  